ticker,date,rating,exposure,final_trade_decision
AAPL,2024-01-02,Buy,1.0,"**Rating**: Buy

**Executive Summary**: Take a long position in AAPL, gradually increasing exposure as the stock shows signs of recovery. Position sizing should be consistent with a strong buy rating, aiming for a significant allocation in the portfolio. Monitor the stock's performance against the 200-day SMA and RSI for potential entry points and adjust the position size accordingly.

**Investment Thesis**: The bull case for Apple Inc. (AAPL) presents a compelling argument for investment. The company's revenue and earnings growth, particularly in services and wearables, indicate strong financial health. The projected growth in forward EPS and the strategic investments in AI position AAPL for future success. Additionally, the oversold technical indicators and strong long-term trend support a bullish outlook. The competitive advantages, including a robust ecosystem, brand power, and supply chain dominance, further strengthen the case for AAPL. While the bear case raises valid concerns about stagnant iPhone sales and high valuation, the bullish arguments, supported by strong growth potential and positive market indicators, outweigh these concerns. Therefore, the recommendation is to buy AAPL.

**Price Target**: 285.0

**Time Horizon**: 12-18 months"
AAPL,2024-01-03,Buy,1.0,"**Rating**: Buy

**Executive Summary**: Take a long position in AAPL, gradually increasing exposure as the stock shows signs of recovery. Position sizing should be consistent with a strong buy rating, aiming for a significant allocation in the portfolio. Monitor the stock's performance against the 200-day SMA and RSI for potential entry points and adjust the position size accordingly.

**Investment Thesis**: The bull case for Apple Inc. (AAPL) presents a compelling argument for investment. The company's revenue and earnings growth, particularly in services and wearables, indicate strong financial health. The projected growth in forward EPS and the strategic investments in AI position AAPL for future success. Additionally, the oversold technical indicators and strong long-term trend support a bullish outlook. The competitive advantages, including a robust ecosystem, brand power, and supply chain dominance, further strengthen the case for AAPL. While the bear case raises valid concerns about stagnant iPhone sales and high valuation, the bullish arguments, supported by strong growth potential and positive market indicators, outweigh these concerns. Therefore, the recommendation is to buy AAPL.

**Price Target**: 285.0

**Time Horizon**: 12-18 months"
AAPL,2024-01-04,Buy,1.0,"**Rating**: Buy

**Executive Summary**: Take a long position in AAPL, gradually increasing exposure as the stock shows signs of recovery. Position sizing should be consistent with a strong buy rating, aiming for a significant allocation in the portfolio. Monitor the stock's performance against the 200-day SMA and RSI for potential entry points and adjust the position size accordingly. Set a stop-loss at 176.0 to protect against downside risk.

**Investment Thesis**: The bull case for Apple Inc. (AAPL) presents a compelling argument for investment. The company's revenue and earnings growth, particularly in services and wearables, indicate strong financial health. The projected growth in forward EPS and the strategic investments in AI position AAPL for future success. Additionally, the oversold technical indicators and strong long-term trend support a bullish outlook. The competitive advantages, including a robust ecosystem, brand power, and supply chain dominance, further strengthen the case for AAPL. While the bear case raises valid concerns about stagnant iPhone sales and high valuation, the bullish arguments, supported by strong growth potential and positive market indicators, outweigh these concerns. Therefore, the recommendation is to buy AAPL.

**Price Target**: 285.0

**Time Horizon**: 12-18 months"
AAPL,2024-01-05,Hold,0.0,"**DECISION**
**Rating**: Hold

**Executive Summary**: Maintain current exposure to AAPL. The risk analysts' debate presents a genuinely balanced picture where compelling bullish and bearish arguments effectively cancel each other out. The stock is at a critical technical juncture, trading just above its 200-day SMA ($177.66) while exhibiting deeply oversold conditions (RSI: 28.84). Fundamentally, the company's unmatched financial strength ($99.6B FCF, $77B annual buyback) and transformative AI partnership potential are counterweighted by near-term revenue contraction, a premium valuation (36x P/E), and the risk of significant margin compression from AI investment costs. With the fundamental picture in transition and the technical trend fragile, the evidence does not strongly favor increasing or decreasing exposure at this time.

**Investment Thesis**: The decision to Hold is grounded in the following specific evidence from the debate:

*   **The Bull Case Has Merit, But Is Speculative**: The aggressive analyst correctly highlights Apple's oversold technical condition and the holding of the critical 200-day SMA support. The potential for a foldable iPhone (92% probability by 2027) and a major AI hardware partnership (e.g., with NVIDIA) are credible future catalysts. However, these are forward-looking events already partially reflected in the current premium valuation. The bullish AI monetization thesis across 2+ billion devices is promising but remains unproven.

*   **The Bear Case Presents Real, Imminent Risks**: The conservative analyst validly points to the confirmed breakdown below the 50-day SMA and Volume-Weighted Moving Average on elevated volume, suggesting institutional distribution rather than retail panic. The fundamental report shows revenue and net income contraction, a significant concern for a company trading at a 36x P/E multiple. The risk that massive AI partnership costs could crush margins in the near-to-medium term cannot be dismissed as mere noise.

*   **The Evidence is Genuinely Balanced**: The neutral analyst's synthesis is correct. This is not indecision but an acknowledgment that both sides have constructed compelling, evidence-based narratives. To adopt a strong Buy or Sell rating would require ignoring either the clear technical breakdown and valuation risks or the powerful financial fortress and oversold bounce potential. The macro environment (high Fed funds rate at 5.33%) supports the bearish valuation argument, while solid employment (3.7% unemployment) supports the bullish consumer resilience argument.

**Strategic Actions**:
1.  **Maintain Position Size**: Do not add to or reduce the current AAPL exposure.
2.  **Set Technical Triggers for Re-evaluation**:
    *   **Bullish Confirmation**: A decisive daily close above $185 (reclaiming the 50-day SMA) on high volume would signal a technical recovery and warrant an immediate review for an Overweight/Buy rating.
    *   **Bearish Confirmation**: A decisive daily close below $175 (breaking the 200-day SMA) on high volume would confirm a breakdown and warrant an immediate review for an Underweight/Sell rating.
3.  **Monitor Fundamental Catalysts**: Closely track the upcoming Q1 earnings report for concrete evidence of either AI-driven services acceleration or the onset of margin compression from AI costs.
4.  **Watch Sentiment and Flow**: Monitor changes in institutional ownership data to confirm whether the current selling is distribution or a temporary rotation.

**Price Target**: N/A (Hold rating)
**Time Horizon**: Immediate to Next Earnings Report"
AAPL,2024-01-08,Buy,1.0,"**Rating**: Buy

**Executive Summary**: Take a long position in AAPL, gradually increasing exposure as the stock shows signs of recovery. Position sizing should be consistent with a strong buy rating, aiming for a significant allocation in the portfolio. Monitor the stock's performance against the 200-day SMA and RSI for potential entry points and adjust the position size accordingly. Set a stop-loss at 176.0 to protect against downside risk.

**Investment Thesis**: The bull case for Apple Inc. (AAPL) presents a compelling argument for investment. The company's revenue and earnings growth, particularly in services and wearables, indicate strong financial health. The projected growth in forward EPS and the strategic investments in AI position AAPL for future success. Additionally, the oversold technical indicators and strong long-term trend support a bullish outlook. The competitive advantages, including a robust ecosystem, brand power, and supply chain dominance, further strengthen the case for AAPL. While the bear case raises valid concerns about stagnant iPhone sales and high valuation, the bullish arguments, supported by strong growth potential and positive market indicators, outweigh these concerns. Therefore, the recommendation is to buy AAPL.

**Price Target**: 285.0

**Time Horizon**: 12-18 months"
AAPL,2024-01-09,Underweight,-0.75,"**Rating**: Underweight

**Executive Summary**  
Synthesizing the risk analysts’ debate, the optimal course is the moderate path laid out in the Research Manager’s investment plan: reduce exposure by 15–25% into the $185–186 resistance zone, protect the remaining position with a hard stop at $176.50, and hold freed-up capital for a higher-conviction re-entry. The Aggressive Analyst’s call for a 50% exit or outright short overestimates the certainty of an imminent breakdown and disregards the still-intact long-term uptrend and robust fundamentals. The Conservative Analyst’s preference to hold without meaningful trimming underestimates the bearish momentum signals and the significance of the converging resistance cluster. The Neutral Analyst correctly identifies that the evidence is mixed, the bounce is weak but not yet failed, and the trader’s original plan best balances downside protection with upside participation. This Underweight stance is a disciplined, evidence-based response to short-term technical deterioration within a structurally sound long-term backdrop.

**Investment Thesis**  
The debate centers on whether the current technical weakness represents a buying opportunity or the start of a deeper correction. The Aggressive analyst argues that momentum has regime-changed: AAPL has sliced below both the 10-day EMA and the 50-day SMA, the MACD line and signal are negative, and the bounce off the 200-day SMA has stalled on declining volume (42.8M vs. elevated selling volume). The VIX at 12.76 and the 10-year yield’s bounce from 3.79% to 4.02% add macro fragility. Fundamentally, FY2023 revenue contracted 2.8%, net income fell, and EPS growth was entirely buyback-driven, while the forward P/E of 30.89x prices in growth that isn’t materializing.  

The Conservative analyst counters that the technical picture is ambiguous, not definitively bearish: the two-day Bollinger Band violation and deeply oversold RSI at 28.84 historically mark selling climaxes; the MACD histogram is improving even as the line declines, hinting at exhaustion. The 200-day SMA is rising and provides a clear risk-management level. The macro backdrop remains broadly constructive with falling real rates, and AAPL’s fundamentals—44.1% gross margins, $99.58B in free cash flow, a fortress balance sheet—do not signal distress.  

The Neutral analyst synthesizes these views, demonstrating that neither extreme is warranted. The bounce has been weak, failing to challenge the 10-day EMA/50-day SMA convergence at $184.89–$185.90, and volume is declining—a textbook spot to trim into resistance. However, the improving MACD histogram, the intact 200-day uptrend, and the company’s cash-flow generation argue against a wholesale exit or short. The original plan—reduce 15–25% into $185–186, set a hard stop at $176.50, and re-engage on a confirmed breakout above $186 or a successful retest of the $177–178 support zone—captures the likely downside without sacrificing exposure to a potential upside catalyst (earnings, Vision Pro launch).  

I align with the Neutral synthesis. The Aggressive analyst’s conviction outruns the data: the breakdown hasn’t been confirmed, a short adds unlimited risk for a possible 4% gain, and the market could easily chop sideways or squeeze shorts. The Conservative analyst’s “hold and hope” underestimates the resistance cluster and the risk of further erosion into earnings. The Underweight stance exactly fits the situation: it protects capital, locks in partial profits, and sets clear thresholds for re-engagement.

**Strategic Actions**  
1. **Trim into Strength**: Reduce the existing AAPL position by 15–25% using limit orders as price approaches the $185–186 resistance zone (convergence of 10-day EMA and 50-day SMA).  
2. **Hard Stop**: Place a hard stop-loss on the remaining position at $176.50, just below the rising 200-day SMA ($177.93), to guard against a structural breakdown.  
3. **Capital Deployment**: Hold proceeds in cash or short-duration Treasuries (~4% yield) while awaiting higher-conviction re-entry signals.  
4. **Re-Entry Triggers**: Re-engage on the long side only if (a) price closes above $186 on volume exceeding 80M shares, confirming a momentum shift, or (b) price retests the $177–178 zone and holds with a high-volume reversal candle, offering a lower-risk entry.  
5. **Catalyst Monitoring**: Track the upcoming March CPI print and Fed commentary; if the 10-year yield breaks above 4.20%, consider accelerating the trim. Monitor Vision Pro pre-order data and early developer reception—strong demand would pause further trimming, while tepid reception reinforces the Underweight stance.  

**Price Target**: N/A (tactical Underweight; re-engagement levels at $186+ or $177–178)  
**Time Horizon**: 1–3 months, pending technical resolution or fundamental catalysts (earnings, product launch)."
AAPL,2024-01-10,Overweight,0.75,"**Rating**: Overweight

**Executive Summary**  
The risk analysts’ debate exposes a critical, non-trivial tension: the long‑term bull case for Apple is intact and supported by structural earnings power, buybacks, and an emerging AI‑driven Services monetization opportunity, yet the current setup at ~$296—10% above the rising 200‑day moving average (~$267), a stretched 36x trailing multiple, and retail sentiment tilted 71% bullish—offers asymmetric downside risk over the near term. The Aggressive Analyst correctly identifies that a disciplined scaling plan transforms this asymmetry into an opportunity to acquire shares at better risk/reward, but overstates the certainty of a clean melt‑up and improperly dismisses the valuation premium as irrelevant. The Conservative Analyst rightly flags the macro fragility (inverted yield curve, complacent VIX) and the danger of layering into a falling knife, but then rejects *any* incremental deployment, effectively abandoning the compounding machine because of a desire for perfect timing. The Neutral Analyst provides the essential synthesis: the scaling framework is superior to a lump‑sum buy or total inaction, but the initial 25% tranche at current levels is too aggressive given resistance clustering at $300, a one‑sided sentiment skew, and a PEG of 2.35 that already prices years of flawless execution.

After reconciling the debate with the Research Manager’s investment plan and the Trader’s transaction proposal, I conclude the optimal path is to affirm an **Overweight** rating—a favorable outlook that gradually increases exposure—while incorporating the Neutral Analyst’s moderate adjustments to improve the cost‑basis and harden risk management. The core conviction remains: Apple’s 2‑billion‑device installed base, Services gross margin expansion (44.1% → projected 46.9% by FY2025), and a buyback that mechanically lifts EPS provide a long‑term compounding tailwind that should not be abandoned. However, the bear’s critique regarding entry price is not “cowardice”; it is a legitimate reflection that paying 36x trailing earnings to buy back stock is accretive only if the multiple holds. The scaling plan must respect that reality. Therefore, I am adopting the Neutral Analyst’s refined deployment schedule and dynamic risk controls, which better align the capital commitment with the technical and valuation landscape while preserving the Overweight trajectory.

**Investment Thesis**  
The investment case for AAPL rests on three pillars, none of which are invalidated by the current stretched technicals:

1. **Structural Earnings Power & Buyback Tailwind** – Apple generates ~$100 billion in annual free cash flow, enabling a buyback program that reduces share count by ~2.5% per year. This provides a mechanical 2.5% EPS growth tailwind even before operational growth, which is a genuine moat. The forward EPS trajectory to $7.46 by FY2025 is supported by Services growth (gross margins improving from 44.1% to 46.9%), a modest hardware recovery, and the compounding effect of repurchases. While a 36x trailing multiple is above the five‑year average (~20–25x), the business has structurally improved its mix toward recurring, high‑margin revenue. The PEG of 2.35 is rich but not egregious if the growth materializes; the key risk is multiple compression if the growth disappoints. That risk is managed by not committing the full position at the current elevated multiple.

2. **AI‑Driven Ecosystem Catalyst** – The integration of AI across the 2‑billion‑device installed base (e.g., Siri enhancement, on‑device inference) represents a genuine, if unproven, catalyst. The 38% probability of a completely new product line is an asymmetric call option; it is not the foundation of the thesis, but it adds upside optionality. More importantly, the existing ecosystem’s stickiness and the projected Services acceleration provide a basis for consistent earnings beats that can justify the current multiple over time.

3. **Technical Trend Support & Asymmetric Risk/Reward at Lower Levels** – The 200‑day moving average is rising (~$267) and has historically acted as structural support. A pullback to that level would represent a 10% discount to current prices, drastically improving the risk/reward. The macro backdrop is mixed: the 10‑year yield has fallen 59 bps from its November peak, which is tailwind for long‑duration equities, but the inverted yield curve (~‑33 bps) and VIX at 12.69 warn of potential complacency‑driven shocks. The scaling plan is explicitly designed to be robust to both outcomes—participating if the melt‑up occurs, while holding significant dry powder for a pullback that would be a buying opportunity rather than a structural breakdown.

The Aggressive Analyst’s claim that AAPL has “structurally decoupled” from valuation gravity is overstated. The Conservative Analyst’s warning that a disorderly breakdown could gap below the stop is valid but represents a tail risk that can be bounded by position sizing. The balanced view is that the long‑term bull case is intact, and the current stretched price offers a lower conviction entry, which is why a graduated, disciplined approach is warranted—exactly the Overweight path outlined here.

**Strategic Actions**  
The following actions supersede the original Trader proposal’s 25%/35%/40% split and incorporate the Neutral Analyst’s moderate adjustments, while maintaining the Overweight rating and directional bias:

1. **Initial Tranche – Reduce Size, Maintain Exposure**  
   Deploy **15%** of the intended full position size at current market (~$296). This smaller initial allocation maintains psychological skin in the game and prevents missing a sustained breakout above $300, without overcommitting capital at a level where the upside is measured in single‑digit percentage points and the downside to the 200‑day is ~10%.

2. **50‑day Moving Average Tranche – Slightly Reduced Weight**  
   Deploy **35%** of the intended full position size on a pullback to the 50‑day moving average (~$286) or lower. This level has historically provided institutional support and offers a moderate improvement in risk/reward. The allocation is kept at 35% (as originally planned) because the 50‑day is a less structurally significant level than the 200‑day, and we reserve the largest allocation for the best risk/reward entry.

3. **200‑day Moving Average Tranche – Core Position Build**  
   Deploy the remaining **50%** of the intended full position size on a test of the rising 200‑day moving average (~$267). This is the highest‑conviction entry: a confluence of structural trend support, a 10% discount from current levels, and a historical zone where institutional buyers have consistently stepped in. This weighting shift improves the average cost basis and aligns the bulk of capital with the most favorable asymmetric payoff.

4. **Dynamic Stop‑Loss & Risk Management**  
   Place an initial hard stop at **$255**, just below the 200‑day moving average. As the 200‑day rises over time, the stop will be trailed upward to maintain a ~2x average true range (ATR) buffer below the trendline (approximated at $257–$258 currently). This respects the Aggressive Analyst’s point that the stop gives the trend room to breathe, while addressing the Conservative Analyst’s gap‑risk concern: the total portfolio loss from a complete stop‑out will be calibrated to no more than **1.5–2% of total portfolio equity** by sizing the “intended full position” accordingly. If AAPL closes below the 200‑day on heavy volume, the stop will be executed, and the position reassessed before any further deployment.

5. **Monitoring Triggers**  
   - *Accelerate deployment* if: (a) a confirmed AI product announcement with clear revenue implications is made, (b) price breaks above $315 on volume with improving MACD/RSI, or (c) the 10‑year yield falls below 3.5%.  
   - *Halt further buying and activate stop immediately* if: (a) price closes below the 200‑day moving average, (b) VIX spikes above 20 with a corresponding breakdown in AAPL, or (c) a macro shock (e.g., sticky inflation or a credit event) materially alters the soft‑landing narrative.  
   - *Review the scaling plan* if the yield curve un‑inverts or the Fed signals an imminent rate cut—this would reduce the recession risk and potentially justify increasing the initial tranche size.

6. **Existing Position Treatment**  
   If already holding AAPL, maintain the core position. Do not trim into strength. The long‑term compounder argument, supported by the Research Manager’s strategic analysis and prior lessons (the Jan 2024 Underweight reflection that trimming into unconfirmed resistance was a mistake), argues against selling a high‑quality compounder prematurely. The incremental capital actions above are for new or marginal additions only.

**Price Target**  
No specific near‑term target is set; the Overweight stance is predicated on a long‑term horizon (12–18 months) with the expectation that the structural drivers will push the stock to new highs once the technical and valuation headwinds are resolved or absorbed. The scaling plan is designed to capture upside participation while continuously improving the cost basis.

**Time Horizon**  
12–18 months, with quarterly reassessment based on the monitoring triggers. The scaling tranches are intended to be executed over a 1–3 month period should the pullback develop, but the overall rating remains Overweight until the long‑term trend or fundamental thesis breaks."
AAPL,2024-01-11,Hold,0.0,"**Rating**: Hold

**Executive Summary**: Maintain existing AAPL positions at $183 with no additions or reductions. The risk analysts' debate confirms that neither the bull nor bear case is sufficiently dominant to warrant a directional change. The aggressive analyst correctly identifies powerful macro tailwinds—the 10-year yield collapsing from 5.0% to 3.98%, 47.9% gross margins, and $99.6B in annual free cash flow—but overstates the certainty of a bounce given anemic up-day volume (42–49M shares) and a MACD at –1.61 that is still accelerating downward. The conservative analyst rightly flags the technical damage and the risk of a 200 SMA breakdown, but underestimates the fundamental floor provided by buybacks retiring 3.1% of shares annually and a macro regime that has shifted meaningfully toward disinflation without recession. The neutral analyst's synthesis is the correct one: hold existing size, tighten the stop to $174.90 to avoid stop-run risk at the round-number $175 level, and let the chart resolve before committing additional capital in either direction.

**Investment Thesis**: The Hold rating is anchored in four specific, evidence-based conclusions drawn from the debate:

**1. The macro tailwind is real but already priced.** The 10-year yield's collapse from ~5.0% to 3.98% mechanically supports higher multiples for long-duration equities like AAPL, and the VIX at 12.44 confirms strong risk appetite. However, the 30.9x forward P/E already embeds 16% EPS growth—a figure unsupported by FY2023's 2.8% revenue contraction. The aggressive analyst treats the macro backdrop as a reason to front-run a bounce, but the conservative analyst is correct that any hawkish repricing of rate expectations (e.g., a hot CPI print) would unwind this tailwind overnight. The macro environment justifies holding, not adding.

**2. The fundamental floor is concrete but not a short-term price guarantee.** Apple's 47.9% TTM gross margins, $99.58B in free cash flow, and $77.55B in buybacks (retiring ~3.1% of shares) provide a structural bid that accelerates as the stock gets cheaper. This is the core reason not to sell: the buyback machine creates a mechanical 3%+ EPS tailwind before any operational growth, and the 200 SMA at $178.20 is rising into the price, not falling away. However, as the conservative analyst correctly notes, buybacks did not prevent 20–30% drawdowns in 2020 or 2022. The fundamental strength supports holding through volatility, not treating every dip as a high-conviction buy.

**3. The technical picture is genuinely mixed, not unambiguously bullish or bearish.** The bearish signals are real: MACD at –1.61 is deeper than the September–October 2023 correction with a widening histogram, up-day volume (42–49M shares) is roughly half of sell-off volume (72–82M), and price remains below both the 10-day EMA and 50-day SMA. But the bullish signals are also real: RSI has recovered from deeply oversold (28.84) to 42, the 200 SMA and lower Bollinger Band converge at $177.40–$178.20 creating a strong support confluence, and the prior lesson from January 9 warns against trimming into unconfirmed resistance when the 200 SMA is rising and fundamentals are robust. This balance of evidence is the textbook definition of a Hold.

**4. The asymmetric scenario set favors patience over action.** If the 200 SMA holds and a bounce materializes, existing positions capture the recovery without re-entry friction in a stock with a $3.01 daily ATR. If the 200 SMA breaks, the stop at $174.90 (adjusted from $175.50 per the neutral analyst's recommendation to avoid round-number stop clustering) limits the loss to a defined, manageable level. The conservative analyst's alternative—sell now, wait for confirmation, re-enter—introduces the risk of missing a V-shaped recovery and then chasing at higher prices, a mistake the January 9 reflection explicitly warns against. The aggressive analyst's alternative—treat this as a high-conviction bounce play—ignores the anemic volume and accelerating MACD. Holding is the only path that preserves upside exposure while capping downside at a known level.

**Time Horizon**: 1–4 weeks, pending resolution at the 200 SMA (~$178.20). Re-evaluate immediately on a high-volume bounce off the 200 SMA (trigger for Overweight/Buy) or a close below $174.90 (trigger for Underweight/Sell)."
AAPL,2024-01-12,Hold,0.0,"**Rating**: Hold

**Executive Summary**: Maintain existing AAPL positions at current levels (~$183.84) with no additions or reductions. The risk analysts' debate confirms a genuinely balanced setup: the bull's long-term quality thesis (32% margins, $100B+ FCF, falling 10-year yields) is credible but the bear's near-term caution is better supported by the unresolved technical trend—price below the 10 EMA and 50 SMA for eight consecutive sessions, MACD line still declining at –1.58, and RSI below 50. The neutral analyst's tiered scaling framework is adopted as the operational plan: hold the core with a hard stop at $176.50, deploy a small pilot position only if the $177–178.50 support confluence is tested with confirming intraday reversal signals, and scale to full size only after a confirmed close above the 50 SMA ($186.87). This approach respects the Jan 9 lesson—do not trim into unconfirmed resistance when the 200-SMA is rising and fundamentals are robust—while incorporating the Jan 11 reflection to explicitly balance the cost of missing a V-shaped recovery against the cost of a stop-out.

**Investment Thesis**: The Hold rating is anchored in five evidence-based conclusions drawn from the debate and prior decision history:

**1. The technical picture is genuinely mixed, not unambiguously bullish or bearish.** The aggressive analyst correctly identifies bullish divergence signals: the MACD histogram has narrowed from –2.03 to –0.76 in five sessions, and RSI has recovered from deeply oversold (28.84) to 43.09. However, the conservative analyst is equally correct that these are potential signals, not confirmed triggers: the MACD line itself remains at –1.58 and is still declining, price has spent eight consecutive sessions below both the 10 EMA and 50 SMA, and RSI remains below 50. The neutral analyst's framing is the correct one—the divergence is a heads-up, not a trigger. The Jan 5 and Jan 11 prior decisions both succeeded as Hold ratings precisely because they respected this ambiguity rather than forcing a directional call.

**2. The macro tailwind from falling yields is real but its cause matters.** The 10-year Treasury yield has collapsed 57 basis points since mid-November to 3.96%, which mechanically supports higher multiples for a long-duration asset like AAPL. The aggressive analyst treats this as unambiguous rocket fuel. The conservative analyst counters that if yields are falling because growth expectations are deteriorating, the same force will compress Apple's revenue—which already contracted 2.8% in FY2023—more than the lower discount rate lifts the multiple. The yield curve dis-inversion from –0.69% to –0.18% historically precedes recessions around the point of re-steepening. Neither interpretation is definitively provable today, which argues for holding rather than betting on either macro outcome.

**3. The fundamental floor is concrete but does not guarantee short-term price support.** Apple's 32% operating margins, $99.58B in annual free cash flow, and $77B+ buyback program (retiring ~3% of shares annually) provide a structural bid that strengthens as the stock gets cheaper. This is the core reason not to sell, and the Jan 9 reflection explicitly warns against trimming into unconfirmed resistance when the 200-SMA is rising and fundamentals are robust—that decision produced –1.0% alpha. However, as the conservative analyst correctly notes, buybacks did not prevent 20–30% drawdowns in 2020 or 2022. The fundamental strength supports holding through volatility, not treating every dip as a high-conviction buy.

**4. The forward catalyst picture is too speculative to anchor a directional call.** The aggressive analyst builds a bullish narrative on 2026-era social media data (AI partnerships, foldable iPhones) that the sentiment report itself labels as temporally mismatched and low confidence. The Vision Pro launch at $3,499 is a niche catalyst with a prediction market assigning only 6% probability to a second-generation device. The conservative analyst's China concerns—Huawei resurgence, government restrictions on iPhone usage, representing 18–20% of revenue—are more immediate and concrete. The Jan 8 prior decision (–1.1% alpha) failed partly because it over-weighted speculative growth projections against stretched valuation. That lesson applies directly here.

**5. The asymmetric scenario set favors patience with defined triggers over action.** The neutral analyst's tiered scaling plan is the optimal operational framework: (a) hold the existing core position with a hard stop at $176.50, just below the 200-SMA/Bollinger lower band confluence at $177–178.50; (b) deploy a small pilot position (25% of full allocation) only if price tests the support zone with confirming intraday reversal signals (bullish candle, RSI bounce, volume confirmation), with a tight stop at $175.50; (c) add a second tranche on a close above the 10 EMA ($184.40) with strong volume; (d) go to full size only after a confirmed close above the 50 SMA ($186.87) with a MACD buy signal. This framework captures the upside the aggressive analyst sees without betting on an unconfirmed reversal, and it avoids the conservative analyst's risk of missing a V-shaped recovery entirely—a cost the Jan 11 reflection explicitly instructs us to quantify. The Jan 10 decision (+1.3% alpha) succeeded with a similar scaling approach.

**Macro filters** are incorporated: if the VIX spikes above 18, tighten stops rather than add; if the 10-year yield reverses above 4.20%, the bull case pillar weakens and the scaling plan should be paused. These keep the posture adaptive rather than dogmatic.

**Time Horizon**: 2–6 weeks, pending resolution at the 200-SMA support confluence (~$177–178.50) or a confirmed breakout above the 50 SMA ($186.87). Re-evaluate immediately on a high-volume bounce off support (trigger for Overweight) or a daily close below $176.50 (trigger for Underweight/Sell)."
